,date,user,change_amt
0,"07:04, 26 March 2020",Kotkakela,+55
1,"06:58, 26 March 2020",Kotkakela,0
2,"08:04, 18 March 2019",Unknown4321unknown,+44
3,"16:26, 28 October 2017",2600:8800:6900:1480:891b:56c6:37d9:3249,
4,"04:04, 4 October 2015",Callinus,−67
5,"04:03, 4 October 2015",Callinus,
6,"03:59, 4 October 2015",Callinus,
7,"03:57, 4 October 2015",Callinus,−148
8,"03:55, 4 October 2015",Callinus,−1
9,"03:54, 4 October 2015",Callinus,−25
10,"03:53, 4 October 2015",Callinus,
11,"03:50, 4 October 2015",Callinus,+193
12,"03:47, 4 October 2015",Callinus,
13,"03:44, 4 October 2015",Callinus,
14,"19:11, 27 April 2013",Waacstats,−247
15,"05:14, 20 October 2010",Tbhotch,−26
16,"05:14, 20 October 2010",72.87.60.144,+26
17,"05:11, 20 October 2010",Tbhotch,−127
18,"05:11, 20 October 2010",72.87.60.144,+127
19,"05:11, 20 October 2010",Tbhotch,−127
20,"05:10, 20 October 2010",72.87.60.144,+127
21,"05:03, 20 October 2010",Tbhotch,−86
22,"05:01, 20 October 2010",72.87.60.144,+86
23,"15:29, 1 January 2010",Ianmacm,+26
24,"14:31, 1 January 2010",J 1982,+11
25,"00:54, 12 June 2009",Marksdaman,0
26,"00:53, 12 June 2009",Marksdaman,−43
27,"00:01, 24 September 2008",Anonymous44,+154
28,"00:00, 24 September 2008",Anonymous44,+10
29,"14:23, 22 April 2008",89.166.44.246,+80
30,"17:55, 14 January 2008",71.156.90.92,−7
31,"03:38, 21 November 2007",Prolog,−98
32,"00:56, 21 November 2007",88.195.14.243,+12
33,"00:53, 21 November 2007",88.195.14.243,+86
34,"18:56, 13 November 2007",AssegaiAli,+4
35,"18:55, 13 November 2007",AssegaiAli,+45
36,"12:19, 13 November 2007",Peltimikko,+493
37,"08:58, 13 November 2007",HanzoHattori,+4
38,"08:49, 13 November 2007",Prolog,−272
39,"08:25, 13 November 2007",211.30.34.207,+272
40,"08:04, 13 November 2007",193.209.89.50,−272
41,"07:58, 13 November 2007",211.30.34.207,+273
42,"05:17, 13 November 2007",Goodluc turtl e,−1
43,"17:15, 11 November 2007",68.59.120.41,0
44,"17:12, 11 November 2007",88.195.14.243,
45,"17:06, 11 November 2007",Ronja Addams-Moring,
46,"16:39, 11 November 2007",88.195.14.243,
47,"16:35, 11 November 2007",88.195.14.243,+21
48,"15:36, 11 November 2007",88.114.42.60,+1
49,"14:44, 11 November 2007",91.153.248.226,−3
50,"14:18, 11 November 2007",Prolog,−38
51,"14:15, 11 November 2007",JIP,+38
52,"13:59, 11 November 2007",Prolog,
53,"10:40, 11 November 2007",El C,+1
54,"10:38, 11 November 2007",88.114.42.60,
55,"09:49, 11 November 2007",Ronja Addams-Moring,−174
56,"06:55, 11 November 2007",MoRsE,+1
57,"06:53, 11 November 2007",MoRsE,+1
58,"06:52, 11 November 2007",MoRsE,+99
59,"06:48, 11 November 2007",MoRsE,+94
60,"03:16, 11 November 2007",Teggles,−97
61,"03:05, 11 November 2007",Peltimikko,−79
62,"02:49, 11 November 2007",88.195.14.243,+79
63,"01:55, 11 November 2007",Ageekgal,−266
64,"01:38, 11 November 2007",Jiggerdude,+149
65,"01:36, 11 November 2007",Jiggerdude,−2
66,"01:34, 11 November 2007",Jiggerdude,+119
67,"01:20, 11 November 2007",213.202.184.210,+1
68,"01:20, 11 November 2007",213.202.184.210,+53
69,"01:02, 11 November 2007",Pudeo,
70,"00:46, 11 November 2007",80.222.176.152,+4
71,"00:35, 11 November 2007",Threeafterthree,−22
72,"00:30, 11 November 2007",Kitia,
73,"00:14, 11 November 2007",Davidovic,−6
74,"19:13, 10 November 2007",Camptown,+85
75,"19:11, 10 November 2007",Z10x,−2
76,"19:10, 10 November 2007",Z10x,+2
77,"19:10, 10 November 2007",Prolog,
78,"19:00, 10 November 2007",Ronja Addams-Moring,−2
79,"18:51, 10 November 2007",Kitia,+4
80,"18:50, 10 November 2007",Kitia,
81,"18:34, 10 November 2007",Prolog,−24
82,"17:47, 10 November 2007",Kitia,+20
83,"17:09, 10 November 2007",Kitia,+4
84,"17:02, 10 November 2007",Kitia,−101
85,"17:00, 10 November 2007",Bbx,0
86,"16:52, 10 November 2007",83.43.125.43,+103
87,"16:18, 10 November 2007",217.154.84.2,0
88,"15:55, 10 November 2007",Ageekgal,−87
89,"15:26, 10 November 2007",AssegaiAli,−5
90,"15:24, 10 November 2007",AssegaiAli,−108
91,"15:13, 10 November 2007",Davidovic,+2
92,"14:48, 10 November 2007",80.221.119.89,+6
93,"14:47, 10 November 2007",80.221.119.89,+48
94,"14:31, 10 November 2007",Iceshark7,+7
95,"14:05, 10 November 2007",PixelBot,+15
96,"13:49, 10 November 2007",Living Concrete,
97,"13:48, 10 November 2007",213.114.174.171,
98,"12:42, 10 November 2007",Ronja Addams-Moring,−205
99,"11:18, 10 November 2007",Nlitement,+25
100,"09:54, 10 November 2007",84.253.219.96,−9
101,"09:30, 10 November 2007",Ronja Addams-Moring,0
102,"09:28, 10 November 2007",Ronja Addams-Moring,+245
103,"09:22, 10 November 2007",Ronja Addams-Moring,
104,"06:33, 10 November 2007",Peltimikko,+292
105,"06:29, 10 November 2007",Peltimikko,−282
106,"06:26, 10 November 2007",Dgies,−77
107,"06:20, 10 November 2007",Peltimikko,−80
108,"05:22, 10 November 2007",Alrokrrr,+37
109,"05:21, 10 November 2007",Alrokrrr,+4
110,"04:43, 10 November 2007",Zntrip,+4
111,"04:19, 10 November 2007",Krautukie,0
112,"03:44, 10 November 2007",Chensiyuan,−2
113,"03:42, 10 November 2007",Chensiyuan,+11
114,"03:41, 10 November 2007",Chensiyuan,−4
115,"02:32, 10 November 2007",Timppis,+22
116,"01:13, 10 November 2007",Ageekgal,−380
117,"01:08, 10 November 2007",88.114.42.60,+380
118,"00:28, 10 November 2007",Pudeo,−70
119,"00:22, 10 November 2007",212.1.150.113,+70
120,"21:55, 9 November 2007",Piggggu,+4
121,"21:53, 9 November 2007",Piggggu,+9
122,"21:47, 9 November 2007",Piggggu,+27
123,"21:46, 9 November 2007",Piggggu,−133
124,"21:45, 9 November 2007",Piggggu,+135
125,"21:42, 9 November 2007",Blood Red Sandman,+49
126,"21:41, 9 November 2007",Peltimikko,0
127,"21:38, 9 November 2007",Peltimikko,+129
128,"21:34, 9 November 2007",38.98.66.90,−1
129,"21:28, 9 November 2007",Weasel123,+1
130,"21:26, 9 November 2007",MoRsE,+83
131,"21:23, 9 November 2007",MoRsE,−16
132,"21:22, 9 November 2007",MoRsE,+1
133,"21:13, 9 November 2007",Ageekgal,0
134,"21:12, 9 November 2007",Ageekgal,−1
135,"21:03, 9 November 2007",213.48.73.89,−30
136,"20:53, 9 November 2007",88.195.14.243,−14
137,"20:53, 9 November 2007",Grimne,−3
138,"20:51, 9 November 2007",MoRsE,+44
139,"20:46, 9 November 2007",Prolog,−123
140,"20:45, 9 November 2007",88.195.14.243,+123
141,"20:44, 9 November 2007",Peltimikko,−30
142,"20:41, 9 November 2007",88.195.14.243,+30
143,"20:33, 9 November 2007",Prolog,−30
144,"20:31, 9 November 2007",88.195.14.243,+30
145,"20:29, 9 November 2007",Pudeo,−30
146,"20:28, 9 November 2007",90.200.232.215,0
147,"20:26, 9 November 2007",88.195.14.243,−6
148,"20:22, 9 November 2007",Peltimikko,+5
149,"20:20, 9 November 2007",88.195.14.243,−3
150,"20:19, 9 November 2007",88.195.14.243,−8
151,"20:18, 9 November 2007",88.195.14.243,+52
152,"20:14, 9 November 2007",212.86.22.50,+31
153,"20:12, 9 November 2007",SmackBot,+21
154,"20:11, 9 November 2007",212.86.22.50,+16
155,"20:10, 9 November 2007",Prolog,+41
156,"20:08, 9 November 2007",Prolog,
157,"20:08, 9 November 2007",Peltimikko,+41
158,"20:07, 9 November 2007",62.44.217.60,−97
159,"20:05, 9 November 2007",62.44.217.60,+190
160,"20:05, 9 November 2007",88.195.14.243,
161,"20:05, 9 November 2007",79.66.216.250,−32
162,"20:01, 9 November 2007",Peltimikko,+160
163,"19:47, 9 November 2007",Peltimikko,−405
164,"19:43, 9 November 2007",82.181.209.81,
165,"19:21, 9 November 2007",86.160.65.242,+7
166,"19:20, 9 November 2007",Prolog,
167,"19:15, 9 November 2007",Prolog,−304
168,"19:11, 9 November 2007",Iceshark7,+9
169,"19:09, 9 November 2007",Iceshark7,+17
170,"19:08, 9 November 2007",Prolog,−32
171,"19:07, 9 November 2007",Iceshark7,−10
172,"19:05, 9 November 2007",88.195.14.243,+32
173,"19:01, 9 November 2007",Iceshark7,+24
174,"18:55, 9 November 2007",Iceshark7,+13
175,"18:51, 9 November 2007",Iceshark7,+12
176,"18:46, 9 November 2007",213.48.73.89,+2
177,"18:44, 9 November 2007",88.195.14.243,+36
178,"18:43, 9 November 2007",88.195.14.243,+25
179,"18:40, 9 November 2007",213.48.73.89,−10
180,"18:38, 9 November 2007",88.195.14.243,+62
181,"18:35, 9 November 2007",88.195.14.243,+1
182,"18:35, 9 November 2007",82.181.209.81,+8
183,"18:33, 9 November 2007",88.195.14.243,+9
184,"18:32, 9 November 2007",82.181.209.81,+499
185,"18:30, 9 November 2007",88.195.14.243,+66
186,"17:41, 9 November 2007",Ishikawa Minoru,+2
187,"17:41, 9 November 2007",Peltimikko,−109
188,"17:21, 9 November 2007",88.114.238.161,−25
189,"16:45, 9 November 2007",67.135.49.158,−1
190,"16:25, 9 November 2007",69.7.69.136,0
191,"16:20, 9 November 2007",209.66.201.89,−2
192,"16:20, 9 November 2007",Benmento~enwiki,0
193,"16:15, 9 November 2007",Pudeo,−8
194,"14:36, 9 November 2007",Escarbot,+15
195,"14:32, 9 November 2007",91.154.198.123,+13
196,"14:05, 9 November 2007",MoRsE,+69
197,"13:38, 9 November 2007",84.250.158.79,0
198,"13:26, 9 November 2007",Peltimikko,−44
199,"13:22, 9 November 2007",Peltimikko,−25
200,"13:12, 9 November 2007",Peltimikko,−7
201,"13:10, 9 November 2007",Peltimikko,+112
202,"13:05, 9 November 2007",Peltimikko,+55
203,"12:57, 9 November 2007",Peltimikko,−367
204,"12:55, 9 November 2007",Jóhann Heiðar Árnason,0
205,"12:51, 9 November 2007",MPorciusCato,+382
206,"12:41, 9 November 2007",62.95.69.219,+25
207,"12:37, 9 November 2007",24.211.233.33,+17
208,"12:33, 9 November 2007",MER-C,
209,"12:33, 9 November 2007",85.227.139.43,
210,"12:29, 9 November 2007",85.227.139.43,+4
211,"12:22, 9 November 2007",LarRan,−265
212,"12:17, 9 November 2007",Java13690,+40
213,"12:16, 9 November 2007",LarRan,+1
214,"12:14, 9 November 2007",LarRan,−1
215,"12:02, 9 November 2007",Java13690,−39
216,"11:57, 9 November 2007",88.82.166.109,−106
217,"11:40, 9 November 2007",88.82.166.109,+106
218,"11:39, 9 November 2007",VoABot II,
219,"11:39, 9 November 2007",192.100.124.219,
220,"11:20, 9 November 2007",Peltimikko,−32
221,"10:58, 9 November 2007",Elrith,−4
222,"10:57, 9 November 2007",Elrith,−159
223,"10:56, 9 November 2007",62.165.128.200,+267
224,"10:39, 9 November 2007",Peltimikko,+3
225,"10:35, 9 November 2007",Chessy999,+41
226,"10:08, 9 November 2007",86.149.66.197,0
227,"09:58, 9 November 2007",192.100.124.218,+62
228,"09:53, 9 November 2007",88.193.16.207,−340
229,"09:43, 9 November 2007",82.181.177.32,−110
230,"09:30, 9 November 2007",Manmanwiki,+452
231,"09:21, 9 November 2007",218.188.146.227,−13
232,"08:25, 9 November 2007",7swords,−48
233,"08:25, 9 November 2007",24.18.42.165,+6
234,"08:21, 9 November 2007",Camptown,+9
235,"08:19, 9 November 2007",Camptown,+77
236,"08:14, 9 November 2007",84.253.196.250,+2
237,"08:10, 9 November 2007",84.253.196.250,+54
238,"08:09, 9 November 2007",Teggles,−2
239,"07:32, 9 November 2007",MPorciusCato,+79
240,"07:12, 9 November 2007",Pasi,+115
241,"07:00, 9 November 2007",Alison,
242,"06:50, 9 November 2007",Apmab1,
243,"05:49, 9 November 2007",Kurt Leyman,+5
244,"05:24, 9 November 2007",Peltimikko,+138
245,"05:08, 9 November 2007",76.5.154.186,−182
246,"05:03, 9 November 2007",218.188.146.227,+13
247,"04:52, 9 November 2007",Ageekgal,−4
248,"04:52, 9 November 2007",Prolog,
249,"04:51, 9 November 2007",82.130.44.9,−8
250,"04:51, 9 November 2007",Ageekgal,+8
251,"04:43, 9 November 2007",Peltimikko,+76
252,"04:42, 9 November 2007",Ageekgal,−8
253,"04:39, 9 November 2007",Ageekgal,+36
254,"04:38, 9 November 2007",Peltimikko,+310
255,"03:57, 9 November 2007",69.29.74.115,+3
256,"03:54, 9 November 2007",69.29.74.115,+58
257,"03:50, 9 November 2007",69.29.74.115,+2
258,"03:50, 9 November 2007",Kinkku Ananas,+98
259,"03:49, 9 November 2007",69.29.74.115,−24
260,"03:49, 9 November 2007",69.29.74.115,
261,"03:40, 9 November 2007",Apmab1,
262,"03:30, 9 November 2007",Prolog,+2
263,"03:24, 9 November 2007",190.140.78.174,−2
264,"03:09, 9 November 2007",Zoicon5,−1
265,"03:01, 9 November 2007",81.175.241.107,0
266,"02:39, 9 November 2007",69.228.208.118,−34
267,"02:32, 9 November 2007",HenryLi,−1
268,"02:07, 9 November 2007",Alrokrrr,0
269,"02:06, 9 November 2007",Alrokrrr,+71
270,"02:06, 9 November 2007",Alrokrrr,−70
271,"02:05, 9 November 2007",Alrokrrr,0
272,"02:05, 9 November 2007",Alrokrrr,+70
273,"02:04, 9 November 2007",Alrokrrr,−70
274,"01:39, 9 November 2007",Prolog,+136
275,"01:27, 9 November 2007",Dgies,−31
276,"01:23, 9 November 2007",Prolog,
277,"00:42, 9 November 2007",Prolog,+19
278,"00:37, 9 November 2007",82.0.126.36,−19
279,"00:19, 9 November 2007",Alrokrrr,0
280,"00:06, 9 November 2007",Chaser,+12
281,"21:41, 8 November 2007",Halfabeet,0
282,"21:39, 8 November 2007",201.222.225.46,−3
283,"21:35, 8 November 2007",Pudeo,−11
284,"21:32, 8 November 2007",88.195.14.243,−26
285,"21:30, 8 November 2007",88.195.14.243,−37
286,"21:25, 8 November 2007",88.195.14.243,+11
287,"21:23, 8 November 2007",SouthernNights,−33
288,"21:21, 8 November 2007",88.195.14.243,+33
289,"21:05, 8 November 2007",84.248.8.223,0
290,"20:54, 8 November 2007",203.0.101.131,−56
291,"20:48, 8 November 2007",141.210.234.156,−173
292,"20:47, 8 November 2007",141.210.234.156,−187
293,"20:38, 8 November 2007",Jágrmeister,+4
294,"20:36, 8 November 2007",Jágrmeister,−17
295,"20:35, 8 November 2007",Jágrmeister,+154
296,"20:16, 8 November 2007",IceKarma,+6
297,"20:11, 8 November 2007",Skizzik,−9
298,"20:09, 8 November 2007",24.224.154.23,+9
299,"19:59, 8 November 2007",IceKarma,−4
300,"19:52, 8 November 2007",WikiCou,+37
301,"19:50, 8 November 2007",AssegaiAli,−51
302,"19:40, 8 November 2007",81.101.253.108,−4
303,"19:27, 8 November 2007",Chaser,−203
304,"19:09, 8 November 2007",Skizzik,+1
305,"19:06, 8 November 2007",Prolog,−144
306,"19:04, 8 November 2007",Caulde,0
307,"18:47, 8 November 2007",WikiCou,+1
308,"18:38, 8 November 2007",TsarKing,0
309,"18:36, 8 November 2007",Skizzik,−2
310,"18:33, 8 November 2007",79.178.87.87,+48
311,"18:24, 8 November 2007",Mailalexandremartins,+56
312,"18:22, 8 November 2007",Chaser,−64
313,"18:22, 8 November 2007",Mailalexandremartins,+8
314,"18:20, 8 November 2007",Mailalexandremartins,+56
315,"18:13, 8 November 2007",Peltimikko,−20
316,"18:09, 8 November 2007",88.114.42.60,
317,"18:03, 8 November 2007",Pudeo,−56
318,"18:02, 8 November 2007",Pudeo,+101
319,"17:55, 8 November 2007",67.42.12.200,−40
320,"17:54, 8 November 2007",Prolog,−84
321,"17:54, 8 November 2007",208.67.142.93,+84
322,"17:29, 8 November 2007",83.109.143.40,+153
323,"17:08, 8 November 2007",Juicyfruit14,+28
324,"17:03, 8 November 2007",195.100.17.46,0
325,"17:02, 8 November 2007",195.100.17.46,+26
326,"17:00, 8 November 2007",195.100.17.46,+128
327,"17:00, 8 November 2007",66.92.127.194,−3
328,"16:58, 8 November 2007",Pudeo,−257
329,"16:57, 8 November 2007",195.100.17.46,+176
330,"16:42, 8 November 2007",58.173.218.53,+83
331,"16:41, 8 November 2007",143.166.255.57,−6
332,"16:41, 8 November 2007",143.166.255.57,+4
333,"16:30, 8 November 2007",200.108.14.206,0
334,"16:30, 8 November 2007",Zingostar,+8
335,"16:18, 8 November 2007",ClueBot,−27
336,"16:18, 8 November 2007",86.43.163.201,+27
337,"16:16, 8 November 2007",Ageekgal,−104
338,"16:15, 8 November 2007",205.132.248.2,+104
339,"16:10, 8 November 2007",Skizzik,−2
340,"16:07, 8 November 2007",66.154.147.133,+2
341,"16:05, 8 November 2007",Ageekgal,0
342,"16:04, 8 November 2007",Ahudson,−10
343,"15:59, 8 November 2007",SailorAlphaCentauri,−1
344,"15:54, 8 November 2007",Almost Anonymous,−122
345,"15:53, 8 November 2007",Prolog,−1
346,"15:51, 8 November 2007",Dreamafter,+1
347,"15:32, 8 November 2007",WhisperToMe,−4
348,"15:17, 8 November 2007",Blankku,+10
349,"15:12, 8 November 2007",67.135.49.158,+66
350,"15:03, 8 November 2007",80.40.144.68,+2
351,"15:03, 8 November 2007",Speculoos,+325
352,"15:03, 8 November 2007",Svetovid,
353,"15:02, 8 November 2007",80.40.144.68,+1
354,"15:02, 8 November 2007",85.120.80.48,+144
355,"15:01, 8 November 2007",80.40.144.68,+116
356,"14:59, 8 November 2007",Zamphuor,−32
357,"14:48, 8 November 2007",80.56.231.135,+2
358,"14:46, 8 November 2007",80.56.231.135,+5
359,"14:46, 8 November 2007",195.188.173.184,+1
360,"14:44, 8 November 2007",80.56.231.135,+21
361,"14:39, 8 November 2007",80.56.231.135,0
362,"14:38, 8 November 2007",193.209.71.2,−1
363,"14:37, 8 November 2007",80.56.231.135,
364,"14:32, 8 November 2007",Godcast,−64
365,"14:29, 8 November 2007",Svetovid,−358
366,"14:09, 8 November 2007",Peltimikko,−40
367,"14:03, 8 November 2007",218.188.146.227,+4
368,"14:02, 8 November 2007",Peltimikko,+7
369,"14:01, 8 November 2007",Xfa,+253
370,"14:00, 8 November 2007",Ot,+33
371,"13:57, 8 November 2007",7swords,−41
372,"13:48, 8 November 2007",153.1.30.143,+9
373,"13:45, 8 November 2007",153.1.30.143,0
374,"13:45, 8 November 2007",153.1.30.143,−13
375,"13:44, 8 November 2007",Prolog,−1
376,"13:44, 8 November 2007",80.222.113.155,+1
377,"13:32, 8 November 2007",218.188.146.227,+35
378,"13:31, 8 November 2007",Camptown,−8
379,"13:30, 8 November 2007",Prolog,−6
380,"13:28, 8 November 2007",Camptown,+33
381,"13:27, 8 November 2007",Peltimikko,
382,"13:13, 8 November 2007",Camptown,+2
383,"13:11, 8 November 2007",Ageekgal,−89
384,"13:06, 8 November 2007",66.232.118.159,+89
385,"12:56, 8 November 2007",Zanzinger~enwiki,+23
386,"12:53, 8 November 2007",Zanzinger~enwiki,+485
387,"12:47, 8 November 2007",80.212.166.101,+25
388,"12:45, 8 November 2007",80.212.166.101,+323
389,"12:44, 8 November 2007",88.105.127.130,+6
390,"12:33, 8 November 2007",Dogah,0
391,"12:27, 8 November 2007",Zanzinger~enwiki,+4
392,"12:27, 8 November 2007",91.155.181.99,−26
393,"12:20, 8 November 2007",Zanzinger~enwiki,+399
394,"12:11, 8 November 2007",Toni S.,+1
395,"12:10, 8 November 2007",Toni S.,+74
396,"12:10, 8 November 2007",AntiSpamBot,−139
397,"12:10, 8 November 2007",The monkeyhate,−1
398,"12:10, 8 November 2007",The monkeyhate,+140
399,"12:08, 8 November 2007",195.148.188.92,+29
400,"12:05, 8 November 2007",Toni S.,+87
401,"11:56, 8 November 2007",62.237.139.253,−1
402,"11:54, 8 November 2007",Toni S.,+5
403,"11:53, 8 November 2007",62.237.139.253,+34
404,"11:52, 8 November 2007",MPorciusCato,
405,"11:51, 8 November 2007",Toni S.,+1
406,"11:50, 8 November 2007",194.100.132.223,−14
407,"11:29, 8 November 2007",IceKarma,
408,"11:27, 8 November 2007",IceKarma,+14
409,"11:25, 8 November 2007",85.197.234.155,
410,"11:09, 8 November 2007",Cyanolinguophile,+2
411,"11:04, 8 November 2007",Lightmouse,−3
412,"10:51, 8 November 2007",Viriatus,+56
413,"10:27, 8 November 2007",192.100.124.218,−4
414,"10:15, 8 November 2007",82.157.241.241,−4
415,"10:13, 8 November 2007",Apecat,−1
416,"10:00, 8 November 2007",Apecat,+97
417,"09:57, 8 November 2007",97198,0
418,"09:55, 8 November 2007",Apecat,+173
419,"09:48, 8 November 2007",Apecat,+34
420,"09:34, 8 November 2007",81.100.206.127,+98
421,"09:31, 8 November 2007",Newone,+48
422,"09:18, 8 November 2007",Espoo,+10
423,"09:08, 8 November 2007",Espoo,+12
424,"08:56, 8 November 2007",Z10x,+20
425,"08:46, 8 November 2007",ElfQrin,+34
426,"08:38, 8 November 2007",86.160.65.242,+18
427,"08:33, 8 November 2007",Nagromtpc,−1
428,"08:26, 8 November 2007",Z10x,+250
429,"08:21, 8 November 2007",7swords,−11
430,"08:19, 8 November 2007",ClueBot,−104
431,"08:19, 8 November 2007",82.215.229.70,+104
432,"08:15, 8 November 2007",IceKarma,0
433,"08:14, 8 November 2007",IceKarma,+3
434,"08:12, 8 November 2007",Zanzinger~enwiki,+58
435,"08:10, 8 November 2007",Pixelface,−19
436,"08:10, 8 November 2007",Peltimikko,+318
437,"08:04, 8 November 2007",85.227.139.43,+58
438,"07:41, 8 November 2007",Blood Red Sandman,+1
439,"07:40, 8 November 2007",Peltimikko,+22
440,"07:36, 8 November 2007",Z10x,−82
441,"07:35, 8 November 2007",Nagromtpc,+15
442,"07:32, 8 November 2007",Nagromtpc,−8
443,"07:11, 8 November 2007",Soberisnotcool,−55
444,"07:07, 8 November 2007",Soberisnotcool,+8
445,"06:50, 8 November 2007",Peltimikko,+137
446,"06:47, 8 November 2007",Pixelface,−137
447,"06:45, 8 November 2007",81.175.241.107,0
448,"06:44, 8 November 2007",Binrapt,−54
449,"06:40, 8 November 2007",Pixelface,
450,"06:38, 8 November 2007",Peltimikko,
451,"06:33, 8 November 2007",Rastrojo,+39
452,"06:12, 8 November 2007",Jpatokal,−2
453,"06:11, 8 November 2007",Superbowlbound,0
454,"06:04, 8 November 2007",81.157.176.174,−14
455,"06:00, 8 November 2007",Peltimikko,−1
456,"05:57, 8 November 2007",MoRsE,0
457,"05:53, 8 November 2007",MoRsE,+26
458,"05:51, 8 November 2007",59.167.216.54,+74
459,"05:50, 8 November 2007",MoRsE,+8
460,"05:48, 8 November 2007",Peltimikko,+137
461,"05:40, 8 November 2007",Prolog,+3
462,"05:35, 8 November 2007",208.19.15.117,−3
463,"05:30, 8 November 2007",151.199.53.48,−90
464,"05:15, 8 November 2007",VoABot II,−46
465,"05:15, 8 November 2007",202.161.0.74,+46
466,"05:09, 8 November 2007",VoABot II,−46
467,"05:09, 8 November 2007",202.161.0.74,+46
468,"04:41, 8 November 2007",220.233.100.32,+13
469,"04:34, 8 November 2007",Alrokrrr,+1
470,"04:31, 8 November 2007",Kurt Leyman,−137
471,"04:22, 8 November 2007",Prolog,0
472,"04:06, 8 November 2007",Pikajew,+161
473,"04:00, 8 November 2007",189.68.70.110,+31
474,"03:51, 8 November 2007",IceKarma,−1
475,"03:50, 8 November 2007",Pixelface,−161
476,"03:40, 8 November 2007",IceKarma,−46
477,"03:37, 8 November 2007",Jpatokal,−60
478,"03:37, 8 November 2007",Jpatokal,−11
479,"03:29, 8 November 2007",IceKarma,−60
480,"03:26, 8 November 2007",74.135.213.92,−5
481,"03:24, 8 November 2007",74.135.213.92,+62
482,"03:21, 8 November 2007",Jpatokal,−7
483,"03:19, 8 November 2007",74.135.213.92,+39
484,"03:07, 8 November 2007",Chensiyuan,0
485,"03:06, 8 November 2007",Chensiyuan,+1
486,"02:39, 8 November 2007",Kushal one,+1
487,"02:28, 8 November 2007",Kushal one,+20
488,"02:27, 8 November 2007",Kushal one,+7
489,"02:25, 8 November 2007",59.167.216.54,−19
490,"02:25, 8 November 2007",Canadaolympic989,+61
491,"02:24, 8 November 2007",59.167.216.54,+109
492,"02:22, 8 November 2007",99.247.167.217,−178
493,"02:07, 8 November 2007",59.167.216.54,+178
494,"02:06, 8 November 2007",Ageekgal,−31
495,"02:05, 8 November 2007",Raneksi,+4
496,"02:01, 8 November 2007",Ageekgal,+1
497,"01:59, 8 November 2007",Ixfd64,+28
498,"01:49, 8 November 2007",142.167.248.230,−3
499,"01:49, 8 November 2007",142.167.248.230,−42
500,"01:47, 8 November 2007",NeilN,−5
501,"01:41, 8 November 2007",82.71.48.158,+97
502,"01:41, 8 November 2007",SVTCobra,−55
503,"01:40, 8 November 2007",SVTCobra,+55
504,"01:36, 8 November 2007",82.71.48.158,+28
505,"01:34, 8 November 2007",82.3.154.170,+42
506,"01:30, 8 November 2007",139.142.199.109,−42
507,"01:28, 8 November 2007",82.3.154.170,+45
508,"01:24, 8 November 2007",Dale Arnett,+1
509,"01:23, 8 November 2007",202.126.87.66,+70
510,"01:03, 8 November 2007",Prolog,−138
511,"01:01, 8 November 2007",CaptainG,−29
512,"00:59, 8 November 2007",CaptainG,+228
513,"00:50, 8 November 2007",Peltimikko,−23
514,"00:48, 8 November 2007",79.185.249.228,+23
515,"00:45, 8 November 2007",209.202.42.242,0
516,"00:40, 8 November 2007",Chaser,−88
517,"00:39, 8 November 2007",Karldoh,−43
518,"00:39, 8 November 2007",Chaser,−22
519,"00:38, 8 November 2007",82.36.120.134,+22
520,"00:36, 8 November 2007",Apecat,+26
521,"00:32, 8 November 2007",82.36.120.134,+43
522,"00:31, 8 November 2007",Apecat,0
523,"00:30, 8 November 2007",Apecat,+141
524,"00:28, 8 November 2007",Peltimikko,+106
525,"00:21, 8 November 2007",Alrokrrr,+11
526,"00:18, 8 November 2007",Alrokrrr,+3
527,"00:18, 8 November 2007",Hermokeskus,−58
528,"00:18, 8 November 2007",Pixelface,+60
529,"00:17, 8 November 2007",Zalmelainen,0
530,"00:13, 8 November 2007",Prolog,+244
531,"00:11, 8 November 2007",Prolog,+143
532,"00:11, 8 November 2007",Hermokeskus,−244
533,"00:05, 8 November 2007",RoyBoy,−13
534,"00:04, 8 November 2007",128.61.88.20,+1
535,"00:04, 8 November 2007",RoyBoy,−26
536,"00:02, 8 November 2007",Prolog,+157
537,"22:12, 7 November 2007",Thisisbossi,+6
538,"22:09, 7 November 2007",75.141.225.20,−6
539,"22:08, 7 November 2007",Camptown,−3
540,"22:07, 7 November 2007",Alrokrrr,0
541,"22:06, 7 November 2007",Alrokrrr,+78
542,"22:02, 7 November 2007",Camptown,+38
543,"22:00, 7 November 2007",Camptown,−56
544,"21:59, 7 November 2007",Camptown,+6
545,"21:56, 7 November 2007",Tocino,+90
546,"21:55, 7 November 2007",Alrokrrr,+111
547,"21:50, 7 November 2007",Ennuified,+27
548,"21:50, 7 November 2007",88.114.125.46,+20
549,"21:49, 7 November 2007",88.114.55.39,−8
550,"21:48, 7 November 2007",KF,0
551,"21:48, 7 November 2007",MoRsE,+19
552,"21:47, 7 November 2007",Chaser,+3
553,"21:47, 7 November 2007",88.114.55.39,−26
554,"21:46, 7 November 2007",88.114.55.39,+201
555,"21:44, 7 November 2007",69.123.47.221,−25
556,"21:42, 7 November 2007",Peltimikko,+405
557,"21:42, 7 November 2007",MoRsE,+2
558,"21:40, 7 November 2007",88.114.55.39,+113
559,"21:37, 7 November 2007",Kingjeff,−4
560,"21:35, 7 November 2007",142.167.236.41,+36
561,"21:32, 7 November 2007",142.167.236.41,+39
562,"21:31, 7 November 2007",213.114.174.183,+4
563,"21:30, 7 November 2007",213.114.174.183,−20
564,"21:29, 7 November 2007",Malhonen,+25
565,"21:25, 7 November 2007",88.114.120.139,+170
566,"21:20, 7 November 2007",Richard n,+8
567,"21:17, 7 November 2007",Pipatron,−279
568,"21:14, 7 November 2007",Alrokrrr,0
569,"21:08, 7 November 2007",64.198.246.229,0
570,"21:06, 7 November 2007",Summer Song,+3
571,"21:05, 7 November 2007",80.229.25.99,+1
572,"21:00, 7 November 2007",Sonjaaa,+4
573,"21:00, 7 November 2007",Z10x,+16
574,"20:58, 7 November 2007",88.114.120.139,+34
575,"20:57, 7 November 2007",ML,+17
576,"20:55, 7 November 2007",Sonjaaa,+4
577,"20:54, 7 November 2007",65.193.16.100,−10
578,"20:49, 7 November 2007",84.250.20.253,+70
579,"20:45, 7 November 2007",88.113.248.5,−2
580,"20:43, 7 November 2007",80.5.192.109,+41
581,"20:41, 7 November 2007",62.216.114.68,−71
582,"20:38, 7 November 2007",Physicistjedi,+3
583,"20:38, 7 November 2007",80.5.192.109,−10
584,"20:37, 7 November 2007",President David Palmer,+3
585,"20:35, 7 November 2007",Jnestorius,+29
586,"20:34, 7 November 2007",76.64.106.233,0
587,"20:30, 7 November 2007",Jnestorius,+81
588,"20:27, 7 November 2007",207.62.135.122,+109
589,"20:27, 7 November 2007",83.233.169.105,+85
590,"20:19, 7 November 2007",86.155.105.79,+40
591,"20:19, 7 November 2007",Alrokrrr,+1
592,"20:18, 7 November 2007",Alrokrrr,+45
593,"20:18, 7 November 2007",Jopo,+2
594,"20:14, 7 November 2007",Fourthords,+7
595,"20:11, 7 November 2007",213.35.233.155,+29
596,"20:08, 7 November 2007","Hit bull, win steak",−139
597,"20:01, 7 November 2007",The monkeyhate,+139
598,"20:00, 7 November 2007",ClueBot,+14
599,"20:00, 7 November 2007",Josh2510,−14
600,"19:51, 7 November 2007",Chaser,+122
601,"19:49, 7 November 2007",24.37.7.104,−13
602,"19:40, 7 November 2007",Longlivefolkmusic,−9
603,"19:40, 7 November 2007",MoRsE,−12
604,"19:39, 7 November 2007",MoRsE,+34
605,"19:38, 7 November 2007",MoRsE,+80
606,"19:37, 7 November 2007",MoRsE,+30
607,"19:32, 7 November 2007",MoRsE,+9
608,"19:32, 7 November 2007",MoRsE,+412
609,"19:31, 7 November 2007",70.187.191.219,−23
610,"19:27, 7 November 2007",MoRsE,+60
611,"19:26, 7 November 2007",Threeafterthree,−81
612,"19:26, 7 November 2007",MoRsE,+1
613,"19:24, 7 November 2007",MoRsE,+1
614,"19:24, 7 November 2007",Prolog,+19
615,"19:22, 7 November 2007",Paulinho28,+3
616,"19:21, 7 November 2007",Camptown,+25
617,"19:20, 7 November 2007",MoRsE,+2
618,"19:16, 7 November 2007",88.114.238.161,+4
619,"19:16, 7 November 2007",Coat of Arms,−280
620,"19:16, 7 November 2007",88.114.238.161,−7
621,"19:15, 7 November 2007",88.114.238.161,+6
622,"19:14, 7 November 2007",MoRsE,+329
623,"19:14, 7 November 2007",81.153.236.103,−8
624,"19:13, 7 November 2007",81.153.236.103,+23
625,"19:10, 7 November 2007",Squash Racket,−104
626,"19:08, 7 November 2007",132.162.159.64,−1
627,"19:07, 7 November 2007",79.75.133.107,+30
628,"19:03, 7 November 2007",MoRsE,+146
629,"18:57, 7 November 2007",MoRsE,+2
630,"18:55, 7 November 2007",MoRsE,+5
631,"18:55, 7 November 2007",130.49.34.98,+3
632,"18:54, 7 November 2007",Big Bird,+16
633,"18:52, 7 November 2007",212.54.21.30,+5
634,"18:51, 7 November 2007",MoRsE,+1
635,"18:51, 7 November 2007",91.154.224.192,+111
636,"18:48, 7 November 2007",Big Bird,−4
637,"18:47, 7 November 2007",91.154.224.192,+96
638,"18:47, 7 November 2007",88.114.86.33,+5
639,"18:45, 7 November 2007",MoRsE,+239
640,"18:39, 7 November 2007",MoRsE,+58
641,"18:38, 7 November 2007",Joeskipsey,+15
642,"18:35, 7 November 2007",91.154.224.192,+31
643,"18:31, 7 November 2007",86.160.65.242,+16
644,"18:29, 7 November 2007",Iceshark7,0
645,"18:28, 7 November 2007",MoRsE,+11
646,"18:25, 7 November 2007",Daveswagon,−104
647,"18:24, 7 November 2007",Iceshark7,+9
648,"18:23, 7 November 2007",TsarKing,+121
649,"18:23, 7 November 2007",91.154.224.192,+69
650,"18:21, 7 November 2007",86.160.65.242,0
651,"18:20, 7 November 2007",Iceshark7,+18
652,"18:19, 7 November 2007",91.154.224.192,+1
653,"18:19, 7 November 2007",88.112.15.116,+1
654,"18:19, 7 November 2007",88.112.15.116,−18
655,"18:17, 7 November 2007",Ageekgal,−119
656,"18:17, 7 November 2007",80.186.154.203,+86
657,"18:14, 7 November 2007",Z10x,+8
658,"18:14, 7 November 2007",Siipikarja,+90
659,"18:11, 7 November 2007",Iceshark7,−89
660,"18:10, 7 November 2007",Ageekgal,−25
661,"18:04, 7 November 2007",Iceshark7,−96
662,"18:03, 7 November 2007",70.52.134.51,+96
663,"17:56, 7 November 2007",Nivix,+317
664,"17:53, 7 November 2007",Skizzik,0
665,"17:51, 7 November 2007",85.235.223.33,+34
666,"17:46, 7 November 2007",MoRsE,−6
667,"17:45, 7 November 2007",MoRsE,+95
668,"17:44, 7 November 2007",199.71.183.2,−96
669,"17:44, 7 November 2007",Iceshark7,+96
670,"17:42, 7 November 2007",Skizzik,−6
671,"17:42, 7 November 2007",199.71.183.2,−90
672,"17:40, 7 November 2007",Jágrmeister,0
673,"17:39, 7 November 2007",Jágrmeister,+121
674,"17:37, 7 November 2007",Vsb,−119
675,"17:34, 7 November 2007",Vsb,−101
676,"17:34, 7 November 2007",Kekeruusperi~enwiki,0
677,"17:34, 7 November 2007",Kekeruusperi~enwiki,0
678,"17:29, 7 November 2007",Caulde,−138
679,"17:28, 7 November 2007",Nivix,−189
680,"17:23, 7 November 2007",213.114.174.183,−1
681,"17:22, 7 November 2007",85.29.95.162,+279
682,"17:21, 7 November 2007",MoRsE,+14
683,"17:21, 7 November 2007",Prolog,−112
684,"17:20, 7 November 2007",Gregh,+112
685,"17:20, 7 November 2007",FANSTARbot,+42
686,"17:20, 7 November 2007",MoRsE,0
687,"17:18, 7 November 2007",Tocino,0
688,"17:17, 7 November 2007",MoRsE,0
689,"17:17, 7 November 2007",Almost Anonymous,−2
690,"17:17, 7 November 2007",MoRsE,+111
691,"17:16, 7 November 2007",Prolog,−112
692,"17:16, 7 November 2007",Airflow rus,+23
693,"17:16, 7 November 2007",Victor Chmara,+2
694,"17:14, 7 November 2007",Almost Anonymous,−28
695,"17:14, 7 November 2007",Camptown,+76
696,"17:14, 7 November 2007",Gregh,+112
697,"17:14, 7 November 2007",MoRsE,+95
698,"17:13, 7 November 2007",TonyW,−4
699,"17:13, 7 November 2007",Caulde,+88
700,"17:13, 7 November 2007",Iceshark7,0
701,"17:12, 7 November 2007",Iceshark7,0
702,"17:12, 7 November 2007",Prolog,−112
703,"17:12, 7 November 2007",Iceshark7,−54
704,"17:12, 7 November 2007",88.88.130.195,+8
705,"17:11, 7 November 2007",Iceshark7,+21
706,"17:11, 7 November 2007",Caulde,+42
707,"17:10, 7 November 2007",Apecat,+54
708,"17:10, 7 November 2007",Iceshark7,+14
709,"17:08, 7 November 2007",Aqwis,0
710,"17:08, 7 November 2007",Gregh,0
711,"17:08, 7 November 2007",Caulde,+1
712,"17:08, 7 November 2007",Gregh,+111
713,"17:08, 7 November 2007",Caulde,+90
714,"17:07, 7 November 2007",MoRsE,+3
715,"17:07, 7 November 2007",MoRsE,−6
716,"17:07, 7 November 2007",Caulde,−5
717,"17:06, 7 November 2007",Camptown,−54
718,"17:06, 7 November 2007",Caulde,+7
719,"17:06, 7 November 2007",Jágrmeister,−1
720,"17:06, 7 November 2007",Caulde,+8
721,"17:05, 7 November 2007",Apecat,+18
722,"17:05, 7 November 2007",88.88.130.195,+57
723,"17:04, 7 November 2007",Caulde,+37
724,"17:04, 7 November 2007",Apecat,+30
725,"17:04, 7 November 2007",Jágrmeister,+210
726,"17:03, 7 November 2007",Caulde,0
727,"17:03, 7 November 2007",Caulde,+257
728,"17:01, 7 November 2007",MoRsE,+111
729,"16:59, 7 November 2007",Iceshark7,+9
730,"16:58, 7 November 2007",Iceshark7,+9
731,"16:55, 7 November 2007",84.239.156.184,+8
732,"16:53, 7 November 2007",Iceshark7,+8
733,"16:52, 7 November 2007",Gregh,+53
734,"16:51, 7 November 2007",Dogah,+28
735,"16:51, 7 November 2007",Gregh,−29
736,"16:51, 7 November 2007",MoRsE,−12
737,"16:50, 7 November 2007",MoRsE,+16
738,"16:50, 7 November 2007",91.154.105.89,+133
739,"16:49, 7 November 2007",HisSpaceResearch,−2
740,"16:49, 7 November 2007",Gregh,+110
741,"16:47, 7 November 2007",Kurt Leyman,+88
742,"16:47, 7 November 2007",90.194.8.107,+94
743,"16:46, 7 November 2007",Iceshark7,+41
744,"16:45, 7 November 2007",Ageekgal,+2
745,"16:44, 7 November 2007",Carcharoth,+11
746,"16:43, 7 November 2007",Kane5187,−4
747,"16:42, 7 November 2007",83.102.105.119,+3
748,"16:42, 7 November 2007",195.148.190.107,+1
749,"16:41, 7 November 2007",195.148.190.107,+107
750,"16:39, 7 November 2007",Iceshark7,+19
751,"16:38, 7 November 2007",91.154.105.89,−19
752,"16:38, 7 November 2007",Iceshark7,+1
753,"16:37, 7 November 2007",Threeafterthree,−29
754,"16:37, 7 November 2007",Iceshark7,+11
755,"16:37, 7 November 2007",MoRsE,+101
756,"16:36, 7 November 2007",Iceshark7,+303
757,"16:36, 7 November 2007",Dogah,−9
758,"16:35, 7 November 2007",Dogah,−38
759,"16:35, 7 November 2007",88.112.97.141,−13
760,"16:34, 7 November 2007",MoRsE,−148
761,"16:33, 7 November 2007",Agamemnon2,−6
762,"16:32, 7 November 2007",Binrapt,+63
763,"16:32, 7 November 2007",Squash Racket,0
764,"16:31, 7 November 2007",68.3.53.1,+1
765,"16:29, 7 November 2007",Schumi555,0
766,"16:29, 7 November 2007",MoRsE,
767,"16:29, 7 November 2007",Iceshark7,−1
768,"16:28, 7 November 2007",Iceshark7,+3
769,"16:27, 7 November 2007",DBAlex,
770,"16:27, 7 November 2007",Prolog,−32
771,"16:27, 7 November 2007",208.108.100.19,+32
772,"16:25, 7 November 2007",Prolog,+4
773,"16:24, 7 November 2007",208.108.100.19,−4
774,"16:22, 7 November 2007",Squash Racket,−106
775,"16:21, 7 November 2007",Airflow rus,−24
776,"16:21, 7 November 2007",Airflow rus,+148
777,"16:20, 7 November 2007",Airflow rus,
778,"16:20, 7 November 2007",80.247.248.225,−112
779,"16:20, 7 November 2007",Clem23,+46
780,"16:20, 7 November 2007",129.2.175.74,+1
781,"16:19, 7 November 2007",Synked,
782,"16:18, 7 November 2007",Squash Racket,+27
783,"16:17, 7 November 2007",Iceshark7,−163
784,"16:17, 7 November 2007",Aec is away,−1
785,"16:17, 7 November 2007",Iceshark7,
786,"16:16, 7 November 2007",213.114.174.183,
787,"16:15, 7 November 2007",Squash Racket,0
788,"16:15, 7 November 2007",82.157.241.241,+1
789,"16:15, 7 November 2007",Aec is away,+5
790,"16:14, 7 November 2007",Airflow rus,
791,"16:13, 7 November 2007",Wwwwolf,+55
792,"16:11, 7 November 2007",91.153.254.161,+45
793,"16:11, 7 November 2007",213.114.174.183,+46
794,"16:10, 7 November 2007",213.114.174.183,−205
795,"16:09, 7 November 2007",ML,
796,"16:08, 7 November 2007",DBAlex,+4
797,"16:07, 7 November 2007",Iceshark7,+40
798,"16:07, 7 November 2007",DBAlex,
799,"16:07, 7 November 2007",82.157.241.241,+34
800,"16:05, 7 November 2007",Nivix,−165
801,"16:03, 7 November 2007",213.114.174.183,−14
802,"16:03, 7 November 2007",213.114.174.183,−1
803,"16:03, 7 November 2007",213.114.174.183,
804,"16:02, 7 November 2007",Iceshark7,+22
805,"16:01, 7 November 2007",80.247.248.225,0
806,"16:01, 7 November 2007",213.114.174.183,−29
807,"16:01, 7 November 2007",80.221.24.134,
808,"16:00, 7 November 2007",213.114.174.183,−2
809,"16:00, 7 November 2007",Dogah,0
810,"15:59, 7 November 2007",213.114.174.183,−33
811,"15:59, 7 November 2007",80.247.248.225,+6
812,"15:58, 7 November 2007",80.247.248.225,+49
813,"15:57, 7 November 2007",Z10x,−89
814,"15:54, 7 November 2007",88.115.143.56,−98
815,"15:53, 7 November 2007",Airflow rus,+29
816,"15:53, 7 November 2007",84.250.55.51,+61
817,"15:53, 7 November 2007",DBAlex,0
818,"15:51, 7 November 2007",Iceshark7,+13
819,"15:51, 7 November 2007",MoRsE,−3
820,"15:50, 7 November 2007",MoRsE,+6
821,"15:50, 7 November 2007",Jni,−1
822,"15:50, 7 November 2007",MoRsE,
823,"15:48, 7 November 2007",Iceshark7,−31
824,"15:47, 7 November 2007",MoRsE,
825,"15:46, 7 November 2007",DBAlex,
826,"15:46, 7 November 2007",Iceshark7,0
827,"15:46, 7 November 2007",Iceshark7,+51
828,"15:46, 7 November 2007",90.224.12.168,0
829,"15:44, 7 November 2007",213.35.236.38,+43
830,"15:42, 7 November 2007",Jakce,0
831,"15:42, 7 November 2007",Iceshark7,+1
832,"15:41, 7 November 2007",De Administrando Imperio,+22
833,"15:40, 7 November 2007",Toni S.,+7
834,"15:39, 7 November 2007",De Administrando Imperio,0
835,"15:39, 7 November 2007",Ingmarsturm,+38
836,"15:37, 7 November 2007",Squash Racket,+93
837,"15:36, 7 November 2007",Airflow rus,+26
838,"15:35, 7 November 2007",Squash Racket,+9
839,"15:35, 7 November 2007",Kahkonen,+190
840,"15:34, 7 November 2007",Prolog,−30
841,"15:33, 7 November 2007",Airflow rus,0
842,"15:31, 7 November 2007",Aec is away,+42
843,"15:31, 7 November 2007",Jackaranga,+26
844,"15:30, 7 November 2007",Aec is away,+29
845,"15:28, 7 November 2007",Iceshark7,−36
846,"15:26, 7 November 2007",Toni S.,+14
847,"15:26, 7 November 2007",84.50.208.48,+87
848,"15:24, 7 November 2007",81.151.86.122,0
849,"15:22, 7 November 2007",MoRsE,+439
850,"15:18, 7 November 2007",Nivix,−209
851,"15:17, 7 November 2007",Aec is away,+111
852,"15:15, 7 November 2007",MoRsE,−1
853,"15:14, 7 November 2007",82.31.36.226,+24
854,"15:11, 7 November 2007",MoRsE,+87
855,"15:11, 7 November 2007",DragonflySixtyseven,+180
856,"15:11, 7 November 2007",84.50.208.48,0
857,"15:10, 7 November 2007",Prolog,
858,"15:09, 7 November 2007",82.128.212.212,
859,"15:09, 7 November 2007",DragonflySixtyseven,
860,"15:09, 7 November 2007",82.128.212.212,
861,"15:08, 7 November 2007",ClueBot,
862,"15:08, 7 November 2007",82.128.212.212,
863,"15:06, 7 November 2007",Prolog,0
864,"15:06, 7 November 2007",Prolog,+5
865,"15:02, 7 November 2007",86.13.196.137,−5
866,"14:52, 7 November 2007",Jni,+59
867,"14:51, 7 November 2007",RockMFR,+23
868,"14:47, 7 November 2007",Eis~enwiki,+184
869,"14:45, 7 November 2007",82.181.175.177,−1
870,"14:44, 7 November 2007",82.181.175.177,+5
871,"14:42, 7 November 2007",Jackaranga,+135
872,"14:32, 7 November 2007",Flibbert,
873,"14:31, 7 November 2007",82.181.151.43,
874,"14:30, 7 November 2007",DBAlex,+282
875,"14:28, 7 November 2007",81.216.222.12,+99
876,"14:23, 7 November 2007",Jackaranga,−2
877,"14:22, 7 November 2007",Jackaranga,+70
878,"14:21, 7 November 2007",DBAlex,+9
879,"14:11, 7 November 2007",Lepya,−1
880,"14:08, 7 November 2007",DBAlex,−36
881,"14:08, 7 November 2007",DBAlex,+216
882,"14:05, 7 November 2007",91.37.111.211,+265
883,"13:47, 7 November 2007",85.29.95.162,−8
884,"13:44, 7 November 2007",J 1982,+35
885,"13:42, 7 November 2007",Jni,+31
886,"13:40, 7 November 2007",Jni,+164
887,"13:20, 7 November 2007",Toni S.,+118
888,"13:17, 7 November 2007",86.40.113.245,0
889,"13:08, 7 November 2007",Jpatokal,+70
890,"12:46, 7 November 2007",Junafani,+14
891,"12:38, 7 November 2007",Junafani,−14
892,"12:36, 7 November 2007",Junafani,+11
893,"12:35, 7 November 2007",Jni,+162
894,"12:34, 7 November 2007",Junafani,−22
895,"12:34, 7 November 2007",Junafani,+37
896,"12:32, 7 November 2007",Retromies,+74
897,"12:30, 7 November 2007",Igno2,+71
898,"12:26, 7 November 2007",Igno2,+49
899,"12:20, 7 November 2007",Thv,+378
900,"13:20, 7 November 2007",Toni S.,+118
901,"13:17, 7 November 2007",86.40.113.245,0
902,"13:08, 7 November 2007",Jpatokal,+70
903,"12:46, 7 November 2007",Junafani,+14
904,"12:38, 7 November 2007",Junafani,−14
905,"12:36, 7 November 2007",Junafani,+11
906,"12:35, 7 November 2007",Jni,+162
907,"12:34, 7 November 2007",Junafani,−22
908,"12:34, 7 November 2007",Junafani,+37
909,"12:32, 7 November 2007",Retromies,+74
910,"12:30, 7 November 2007",Igno2,+71
911,"12:26, 7 November 2007",Igno2,+49
912,"12:20, 7 November 2007",Thv,+378
